{

    "metadata" :
    {
        "formatVersion" : 3.1,
        "sourceFile"    : "handindex.obj",
        "generatedBy"   : "OBJConverter",
        "vertices"      : 12,
        "faces"         : 8,
        "normals"       : 36,
        "colors"        : 0,
        "uvs"           : 18,
        "materials"     : 1
    },

    "scale" : 1.000000,

    "materials": [	{
	"DbgColor" : 15658734,
	"DbgIndex" : 0,
	"DbgName" : "initialShadingGroup"
	}],

    "vertices": [-0.082074,-0.089023,0.210438,0.142323,-0.089023,0.180284,0.090252,-0.089023,-0.149585,0.017418,-0.089023,-0.201750,-0.098442,-0.089023,-0.170693,-0.132612,-0.089023,-0.108021,-0.082074,0.089023,0.210438,0.142323,0.089023,0.180284,0.090252,0.089023,-0.149585,0.017418,0.089023,-0.201750,-0.098442,0.089023,-0.170693,-0.132612,0.089023,-0.108021],

    "morphTargets": [],

    "morphColors": [],

    "normals": [0,1,0,0,1,0,0,1,0,0,1,0,0,1,0,0,1,0,0,-1,0,0,-1,0,0,-1,0,0,-1,0,0,-1,0,0,-1,0,0.13318,0,0.99109,0.13318,0,0.99109,0.13318,0,0.99109,0.13318,0,0.99109,0.98777,0,-0.15592,0.98777,0,-0.15592,0.98777,0,-0.15592,0.98777,0,-0.15592,0.58228,0,-0.81299,0.58228,0,-0.81299,0.58228,0,-0.81299,0.58228,0,-0.81299,-0.25892,0,-0.9659,-0.25892,0,-0.9659,-0.25892,0,-0.9659,-0.25892,0,-0.9659,-0.87798,0,-0.4787,-0.87798,0,-0.4787,-0.87798,0,-0.4787,-0.87798,0,-0.4787,-0.98764,0,0.15673,-0.98764,0,0.15673,-0.98764,0,0.15673,-0.98764,0,0.15673],

    "colors": [],

    "uvs": [[0,0,0.59487,0,0.61207,0.85705,0.51417,1,0.22095,0.98997,0.035976,0.84607,0,0,0.59487,0,0.61207,0.85705,0.51417,1,0.22095,0.98997,0.035976,0.84607,0,0,0.59487,0,0.61207,0.85705,0.51417,1,0.22095,0.98997,0.035976,0.84607]],

    "faces": [43,6,7,8,9,0,12,13,14,15,0,1,2,3,43,0,5,4,3,0,6,11,10,9,6,7,8,9,43,0,1,7,6,0,0,1,13,12,12,13,14,15,43,1,2,8,7,0,1,2,14,13,16,17,18,19,43,2,3,9,8,0,2,3,15,14,20,21,22,23,43,3,4,10,9,0,3,4,16,15,24,25,26,27,43,4,5,11,10,0,4,5,17,16,28,29,30,31,43,5,0,6,11,0,5,0,12,17,32,33,34,35]

}
