{

    "metadata" :
    {
        "formatVersion" : 3.1,
        "sourceFile"    : "handpalm.obj",
        "generatedBy"   : "OBJConverter",
        "vertices"      : 16,
        "faces"         : 10,
        "normals"       : 44,
        "colors"        : 0,
        "uvs"           : 24,
        "materials"     : 1
    },

    "scale" : 1.000000,

    "materials": [	{
	"DbgColor" : 15658734,
	"DbgIndex" : 0,
	"DbgName" : "initialShadingGroup"
	}],

    "vertices": [-0.389318,-0.113934,0.804435,0.375816,-0.113934,0.804435,0.767384,-0.113934,-0.379271,0.123772,-0.113934,-0.804435,-0.524341,-0.113934,-0.770840,-0.542345,-0.113934,-0.442282,-0.699350,-0.113934,-0.182081,-0.767384,-0.113934,0.408366,-0.767384,0.113934,0.408366,-0.389318,0.113934,0.804435,0.375816,0.113934,0.804435,0.767384,0.113934,-0.379271,0.123772,0.113934,-0.804435,-0.524341,0.113934,-0.770840,-0.542345,0.113934,-0.442282,-0.699350,0.113934,-0.182081],

    "morphTargets": [],

    "morphColors": [],

    "normals": [0,1,0,0,1,0,0,1,0,0,1,0,0,1,0,0,1,0,0,1,0,0,1,0,0,-1,0,0,-1,0,0,-1,0,0,-1,0,0,-1,0,0,-1,0,0,-1,0,0,-1,0,-0.72336,0,0.69048,-0.72336,0,0.69048,-0.72336,0,0.69048,-0.72336,0,0.69048,0,0,1,0,0,1,0,0,1,0,0,1,0.9494,0,0.31406,0.9494,0,0.31406,0.9494,0,0.31406,0.9494,0,0.31406,0.55119,0,-0.83438,0.55119,0,-0.83438,0.55119,0,-0.83438,0.55119,0,-0.83438,-0.051766,0,-0.99866,-0.051766,0,-0.99866,-0.051766,0,-0.99866,-0.051766,0,-0.99866,-0.9985,0,-0.054712,-0.95855,0,-0.28493,-0.95855,0,-0.28493,-0.9985,0,-0.054712,-0.96674,0,-0.25575,-0.96674,0,-0.25575,-0.99343,0,-0.11447,-0.99343,0,-0.11447],

    "colors": [],

    "uvs": [[0.70022,0.000172,1,0.31458,0.66701,0.93927,0.23359,0.84761,0,0.56189,0.12796,0.42576,0.18637,0.25002,0.38933,0,0.38933,0,0.70022,0.000172,1,0.31458,0.66701,0.93927,0.23359,0.84761,0,0.56189,0.12796,0.42576,0.18637,0.25002,0.38933,0,0.70022,0.000172,1,0.31458,0.66701,0.93927,0.23359,0.84761,0,0.56189,0.12796,0.42576,0.18637,0.25002]],

    "faces": [43,8,9,10,11,0,16,17,18,19,0,1,2,3,43,7,6,5,4,0,8,15,14,13,8,9,10,11,43,7,0,9,8,0,7,0,17,16,16,17,18,19,43,0,1,10,9,0,0,1,18,17,20,21,22,23,43,1,2,11,10,0,1,2,19,18,24,25,26,27,43,2,3,12,11,0,2,3,20,19,28,29,30,31,43,3,4,13,12,0,3,4,21,20,32,33,34,35,43,4,5,14,13,0,4,5,22,21,36,37,38,39,43,5,6,15,14,0,5,6,23,22,37,40,41,38,43,6,7,8,15,0,6,7,16,23,40,42,43,41]

}
