{
  "metadata": {
    "version": 4,
    "type": "geometry",
    "generator": "GeometryExporter"
  },
  "vertices": [-0.0034,0.0034,0.004808,0.0034,-0.0034,0.004808,0.436547,0.443346,0.004808,0.443346,0.436547,0.004808,0.436547,0.443346,-0.004808,0.443346,0.436547,-0.004808,-0.0034,0.0034,-0.004808,0.0034,-0.0034,-0.004808,0.754745,0.761544,0.004808,0.761544,0.754745,0.004808,0.761544,0.754745,-0.004808,0.754745,0.761544,-0.004808,1.621084,0.761544,0.004808,1.621084,0.754745,0.004808,1.621084,0.754745,-0.004808,1.621084,0.761544,-0.004808],
  "normals": [0,0,0.9999999999999999,0,0,1,1,0,0,1,0.000028,0,0,0,-1,0,0,-0.9999999999999999,-0.7071067811865476,-0.7071067811865476,0,-0.707107,-0.707107,0,0.7071075848142379,-0.7071059775579437,0,0.707107,-0.707107,0,-0.7071059775579437,0.7071075848142379,0,-0.707107,0.707107,0,0.7071067811865476,-0.7071067811865476,0,-0.7071067811865476,0.7071067811865476,0,0,-1,0,0,1,0],
  "uvs": [[0.375,0,0.625,0,0.375,0.25,0.625,0.25,0.375,0.5,0.625,0.5,0.375,0.75,0.625,0.75,0.375,1,0.625,1,0.875,0,0.875,0.25,0.125,0,0.125,0.25]],
  "faces": [56,0,1,2,0,1,2,0,1,1,1,56,2,1,3,2,1,3,0,1,1,1,56,12,13,15,2,3,4,2,3,3,3,56,15,13,14,4,3,5,2,3,3,3,56,4,5,6,4,5,6,4,4,4,4,56,6,5,7,6,5,7,5,4,4,4,56,6,7,0,6,7,8,6,7,7,7,56,0,7,1,8,7,9,6,7,7,7,56,1,7,3,1,10,3,8,9,9,9,56,3,7,5,3,10,11,8,9,9,9,56,6,0,4,12,0,13,10,11,11,11,56,4,0,2,13,0,2,10,11,11,11,56,2,3,8,2,3,2,1,1,1,1,56,8,3,9,2,3,3,1,1,1,1,56,3,5,9,3,5,3,12,9,9,9,56,9,5,10,3,5,5,12,9,9,9,56,5,4,10,5,4,5,4,4,4,4,56,10,4,11,5,4,4,4,4,4,4,56,4,2,11,4,2,4,13,11,11,11,56,11,2,8,4,2,2,13,11,11,11,56,8,9,12,2,3,2,1,1,1,1,56,12,9,13,2,3,3,0,1,1,1,56,9,10,13,3,5,3,14,14,14,14,56,13,10,14,3,5,5,14,14,14,14,56,11,15,10,4,4,5,4,4,4,4,56,10,15,14,5,4,5,5,4,4,4,56,11,8,15,4,2,4,15,15,15,15,56,15,8,12,4,2,2,15,15,15,15]
}
